{"2058622":{"branch_id":"4b5911d4-40de-4824-be3f-8e7b15173ffa","scene":2058622,"project_id":1248061,"name":"Change this","settings":{"physics":{"gravity":[0,-9.8,0]},"render":{"fog_end":1000,"fog_start":1,"global_ambient":[0.2,0.2,0.2],"fog_color":[0,0,0],"fog":"none","fog_density":0.01,"gamma_correction":1,"tonemapping":0,"exposure":1,"skybox":null,"skyboxIntensity":1,"skyboxRotation":[0,0,0],"skyboxMip":0,"lightmapSizeMultiplier":16,"lightmapMaxResolution":2048,"lightmapMode":1,"lightmapFilterEnabled":false,"lightmapFilterRange":10,"lightmapFilterSmoothness":0.2,"ambientBake":false,"ambientBakeNumSamples":1,"ambientBakeSpherePart":0.4,"ambientBakeOcclusionBrightness":0,"ambientBakeOcclusionContrast":0,"clusteredLightingEnabled":true,"lightingCells":[10,3,10],"lightingMaxLightsPerCell":255,"lightingCookieAtlasResolution":2048,"lightingShadowAtlasResolution":2048,"lightingShadowType":0,"lightingCookiesEnabled":false,"lightingAreaLightsEnabled":false,"lightingShadowsEnabled":false,"skyType":"infinite","skyMeshPosition":[0,0,0],"skyMeshRotation":[0,0,0],"skyMeshScale":[100,100,100],"skyCenter":[0,0.1,0]}},"entities":{"9939797c-baa5-4662-9428-b1aa2cdaadbb":{"name":"Root","parent":null,"resource_id":"9939797c-baa5-4662-9428-b1aa2cdaadbb","tags":[],"enabled":true,"components":{},"scale":[1,1,1],"position":[0,0,0],"rotation":[0,0,0],"children":["227dde7a-d8d2-4f7d-af65-15096197f874","3c068591-4421-4571-86d2-30292273965d","81f6748f-78d6-439d-b6c9-ed40277e087d","a139b240-e9ff-4230-badc-ccab36a148ef","96e30c0b-2513-4193-9087-6a368ff85fd9","341d3361-ddd7-48a4-b0bc-f3e351a8c428","bb610216-df95-4236-a032-52d5dcacdd3c","b0890726-1160-411d-ba51-7112138c8b45","d9cc37b1-d371-421b-9db8-d25e35304edb"]},"227dde7a-d8d2-4f7d-af65-15096197f874":{"name":"Camera","parent":"9939797c-baa5-4662-9428-b1aa2cdaadbb","resource_id":"227dde7a-d8d2-4f7d-af65-15096197f874","tags":[],"enabled":true,"components":{"camera":{"fov":75,"projection":0,"clearColor":[0.118,0.118,0.118,1],"clearColorBuffer":true,"clearDepthBuffer":true,"frustumCulling":true,"enabled":true,"orthoHeight":4,"farClip":1000,"nearClip":0.1,"priority":0,"rect":[0,0,1,1],"layers":[0,1,2,3,4]},"script":{"enabled":true,"order":["lookCamera"],"scripts":{"lookCamera":{"enabled":false,"attributes":{"mouseLookSensitivity":0.15,"touchLookSensitivity":0.35,"snappinessFactor":0.15,"MinZoom":45,"MaxZoom":75}}}}},"scale":[1,1,1],"position":[0,0,0],"rotation":[0,140,0],"children":[]},"a139b240-e9ff-4230-badc-ccab36a148ef":{"name":"Spot2","tags":[],"enabled":false,"resource_id":"a139b240-e9ff-4230-badc-ccab36a148ef","parent":"9939797c-baa5-4662-9428-b1aa2cdaadbb","children":["068a79ad-c312-4b07-8fb1-f16e6e55f85c","5a7c6b32-cb27-423a-8bd2-9269a0b54fa2","e8e7a514-1ecd-430e-bb86-2e93d28fd10a"],"position":[0,0,0],"rotation":[0,0,0],"scale":[1,1,1],"components":{}},"068a79ad-c312-4b07-8fb1-f16e6e55f85c":{"name":"Glob","tags":[],"enabled":true,"resource_id":"068a79ad-c312-4b07-8fb1-f16e6e55f85c","parent":"a139b240-e9ff-4230-badc-ccab36a148ef","children":[],"position":[0,0,0],"rotation":[0,0,0],"scale":[-1,1,1],"components":{"render":{"enabled":true,"type":"asset","asset":193508111,"materialAssets":[193508121],"layers":[0],"batchGroupId":null,"castShadows":false,"castShadowsLightmap":false,"receiveShadows":false,"lightmapped":false,"lightmapSizeMultiplier":1,"castShadowsLightMap":true,"lightMapped":false,"lightMapSizeMultiplier":1,"isStatic":false,"rootBone":null}}},"c1c6e62b-4300-4782-b064-565cddb3ab0e":{"name":"Pin","tags":[],"enabled":true,"resource_id":"c1c6e62b-4300-4782-b064-565cddb3ab0e","parent":"5a7c6b32-cb27-423a-8bd2-9269a0b54fa2","children":[],"position":[0.004865325387706676,0.8865120287119788,-0.0012800269151251875],"rotation":[-9.097572705955565e-24,0,0],"scale":[0.65,1,1],"components":{"element":{"enabled":true,"type":"image","anchor":[0.5,0.5,0.5,0.5],"pivot":[0.5,0.5],"text":"","key":null,"fontAsset":null,"fontSize":32,"minFontSize":8,"maxFontSize":32,"autoFitWidth":false,"autoFitHeight":false,"maxLines":null,"lineHeight":32,"wrapLines":true,"spacing":1,"color":[1,1,1],"opacity":1,"textureAsset":193508093,"spriteAsset":null,"spriteFrame":0,"pixelsPerUnit":null,"width":1,"height":1,"margin":[-0.495,0.387,-0.505,-1.387],"alignment":[0.5,0.5],"outlineColor":[0,0,0,1],"outlineThickness":0,"shadowColor":[0,0,0,1],"shadowOffset":[0,0],"rect":[0,0,1,1],"materialAsset":null,"autoWidth":false,"autoHeight":false,"useInput":true,"batchGroupId":null,"mask":false,"layers":[4],"enableMarkup":false},"button":{"enabled":true,"active":true,"imageEntity":"c1c6e62b-4300-4782-b064-565cddb3ab0e","hitPadding":[0,0,0,0],"transitionMode":0,"hoverTint":[0.13725490196078433,0.8470588235294118,0.7568627450980392,1],"pressedTint":[0.792156862745098,0.10588235294117647,0.10588235294117647,1],"inactiveTint":[1,1,1,1],"fadeDuration":0,"hoverSpriteAsset":null,"hoverSpriteFrame":0,"pressedSpriteAsset":null,"pressedSpriteFrame":0,"inactiveSpriteAsset":null,"inactiveSpriteFrame":0,"hoverTextureAsset":null,"pressedTextureAsset":null,"inactiveTextureAsset":null},"script":{"enabled":true,"order":["nextSpot"],"scripts":{"nextSpot":{"enabled":true,"attributes":{"SHOW":"96e30c0b-2513-4193-9087-6a368ff85fd9","HIDE":"a139b240-e9ff-4230-badc-ccab36a148ef","tx":20,"ty":134}}}}}},"96e30c0b-2513-4193-9087-6a368ff85fd9":{"name":"Spot3","tags":[],"enabled":false,"resource_id":"96e30c0b-2513-4193-9087-6a368ff85fd9","parent":"9939797c-baa5-4662-9428-b1aa2cdaadbb","children":["b1480d77-cd46-4483-9a6e-f3fbf789409a","111429f7-8d07-46d8-849e-0564c0878e65","0e991238-4fb4-4925-8e5a-b1da43a0052f"],"position":[0,0,0],"rotation":[0,0,0],"scale":[1,1,1],"components":{}},"b1480d77-cd46-4483-9a6e-f3fbf789409a":{"name":"Glob","tags":[],"enabled":true,"resource_id":"b1480d77-cd46-4483-9a6e-f3fbf789409a","parent":"96e30c0b-2513-4193-9087-6a368ff85fd9","children":[],"position":[0,0,0],"rotation":[0,0,0],"scale":[-1,1,1],"components":{"render":{"enabled":true,"type":"asset","asset":193508111,"materialAssets":[193508113],"layers":[0],"batchGroupId":null,"castShadows":false,"castShadowsLightmap":false,"receiveShadows":false,"lightmapped":false,"lightmapSizeMultiplier":1,"castShadowsLightMap":true,"lightMapped":false,"lightMapSizeMultiplier":1,"isStatic":false,"rootBone":null}}},"341d3361-ddd7-48a4-b0bc-f3e351a8c428":{"name":"Spot4","tags":[],"enabled":false,"resource_id":"341d3361-ddd7-48a4-b0bc-f3e351a8c428","parent":"9939797c-baa5-4662-9428-b1aa2cdaadbb","children":["5898669e-bc52-4836-85d2-a04a43f6284d","d43b8eb2-beb4-4d69-840c-c0265c9833ad","235684e8-ac0d-46c7-b892-0ff2c4ba7b7b","19985c65-d9cb-4b63-9a50-c36e490e6e17","95c4038d-b222-4e3a-8543-3786016ce35b"],"position":[0,0,0],"rotation":[0,0,0],"scale":[1,1,1],"components":{}},"5898669e-bc52-4836-85d2-a04a43f6284d":{"name":"Glob","tags":[],"enabled":true,"resource_id":"5898669e-bc52-4836-85d2-a04a43f6284d","parent":"341d3361-ddd7-48a4-b0bc-f3e351a8c428","children":[],"position":[0,0,0],"rotation":[0,0,0],"scale":[-1,1,1],"components":{"render":{"enabled":true,"type":"asset","asset":193508111,"materialAssets":[193508119],"layers":[0],"batchGroupId":null,"castShadows":false,"castShadowsLightmap":false,"receiveShadows":false,"lightmapped":false,"lightmapSizeMultiplier":1,"castShadowsLightMap":true,"lightMapped":false,"lightMapSizeMultiplier":1,"isStatic":false,"rootBone":null}}},"bb610216-df95-4236-a032-52d5dcacdd3c":{"name":"Spot5","tags":[],"enabled":false,"resource_id":"bb610216-df95-4236-a032-52d5dcacdd3c","parent":"9939797c-baa5-4662-9428-b1aa2cdaadbb","children":["f017f0e0-a95f-4fa0-a2f1-9263f3daaf56","899b3bc0-b52e-4bb2-8ab0-850eed0fef96","a6cef831-4a9b-4a60-9cd3-8af55c3b1d46"],"position":[0,0,0],"rotation":[0,0,0],"scale":[1,1,1],"components":{}},"f017f0e0-a95f-4fa0-a2f1-9263f3daaf56":{"name":"Glob","tags":[],"enabled":true,"resource_id":"f017f0e0-a95f-4fa0-a2f1-9263f3daaf56","parent":"bb610216-df95-4236-a032-52d5dcacdd3c","children":[],"position":[0,0,0],"rotation":[0,0,0],"scale":[-1,1,1],"components":{"render":{"enabled":true,"type":"asset","asset":193508111,"materialAssets":[193508114],"layers":[0],"batchGroupId":null,"castShadows":false,"castShadowsLightmap":false,"receiveShadows":false,"lightmapped":false,"lightmapSizeMultiplier":1,"castShadowsLightMap":true,"lightMapped":false,"lightMapSizeMultiplier":1,"isStatic":false,"rootBone":null}}},"5a7c6b32-cb27-423a-8bd2-9269a0b54fa2":{"name":"Pin2","tags":[],"enabled":false,"resource_id":"5a7c6b32-cb27-423a-8bd2-9269a0b54fa2","parent":"a139b240-e9ff-4230-badc-ccab36a148ef","children":["c1c6e62b-4300-4782-b064-565cddb3ab0e"],"position":[-2.391,0.083,0.859],"rotation":[-174.41782317032533,69.20000007033055,177.50328644605898],"scale":[0.1,0.1,1],"components":{"element":{"enabled":true,"type":"text","anchor":[0.5,0.5,0.5,0.5],"pivot":[0.5,0.5],"text":"Stand Here","key":null,"fontAsset":193508129,"fontSize":0.6,"minFontSize":8,"maxFontSize":32,"autoFitWidth":false,"autoFitHeight":false,"maxLines":null,"lineHeight":32,"wrapLines":true,"spacing":1,"color":[1,1,1],"opacity":1,"textureAsset":null,"spriteAsset":null,"spriteFrame":0,"pixelsPerUnit":null,"width":3.324,"height":0.604,"margin":[-4.053,-0.218,0.729,-0.385],"alignment":[0.5,0.5],"outlineColor":[0,0,0,1],"outlineThickness":0.5,"shadowColor":[0,0,0,1],"shadowOffset":[0,-0.2],"rect":[0,0,1,1],"materialAsset":null,"autoWidth":true,"autoHeight":true,"useInput":false,"batchGroupId":null,"mask":false,"layers":[4],"enableMarkup":false}}},"235684e8-ac0d-46c7-b892-0ff2c4ba7b7b":{"name":"Popup","tags":[],"enabled":false,"resource_id":"235684e8-ac0d-46c7-b892-0ff2c4ba7b7b","parent":"341d3361-ddd7-48a4-b0bc-f3e351a8c428","children":["d778d5d3-6f5d-4a30-b879-99b772b71e9e","0801516d-ff55-4db2-a1a0-ddaf4d616e1b","92d8ae85-2042-4fbb-a249-cbbf22f9c038"],"position":[1.7660233897450124,0,0],"rotation":[0,-90,0],"scale":[0.6,0.6,1],"components":{"element":{"enabled":true,"type":"image","anchor":[0.5,0.5,0.5,0.5],"pivot":[0.5,0.5],"text":"","key":null,"fontAsset":null,"fontSize":32,"minFontSize":8,"maxFontSize":32,"autoFitWidth":false,"autoFitHeight":false,"maxLines":null,"lineHeight":32,"wrapLines":true,"spacing":1,"color":[1,1,1],"opacity":1,"textureAsset":193508123,"spriteAsset":null,"spriteFrame":0,"pixelsPerUnit":null,"width":3.17,"height":1.92,"margin":[0.181,-0.96,-3.351,-0.96],"alignment":[0.5,0.5],"outlineColor":[0,0,0,1],"outlineThickness":0,"shadowColor":[0,0,0,1],"shadowOffset":[0,0],"rect":[0,0,1,1],"materialAsset":null,"autoWidth":false,"autoHeight":false,"useInput":false,"batchGroupId":null,"mask":false,"layers":[4],"enableMarkup":false}}},"d778d5d3-6f5d-4a30-b879-99b772b71e9e":{"name":"Heading","tags":[],"enabled":true,"resource_id":"d778d5d3-6f5d-4a30-b879-99b772b71e9e","parent":"235684e8-ac0d-46c7-b892-0ff2c4ba7b7b","children":[],"position":[8.778826554589614e-9,0.7157446610299704,1.801414839519566e-8],"rotation":[0,0,0],"scale":[1,1,1],"components":{"element":{"enabled":true,"type":"text","anchor":[0.5,0.5,0.5,0.5],"pivot":[0.5,0.5],"text":"Taj Mahal","key":null,"fontAsset":193508129,"fontSize":0.3,"minFontSize":8,"maxFontSize":32,"autoFitWidth":false,"autoFitHeight":false,"maxLines":1,"lineHeight":0.14,"wrapLines":true,"spacing":1,"color":[0.8745098039215686,0.21176470588235294,0.21176470588235294],"opacity":1,"textureAsset":null,"spriteAsset":null,"spriteFrame":0,"pixelsPerUnit":null,"width":1.458,"height":0.302,"margin":[-0.729,0.565,-0.729,-0.867],"alignment":[0,0.5],"outlineColor":[0,0,0,1],"outlineThickness":0,"shadowColor":[0,0,0,1],"shadowOffset":[0,0],"rect":[0,0,1,1],"materialAsset":null,"autoWidth":true,"autoHeight":true,"useInput":false,"batchGroupId":null,"mask":false,"layers":[4],"enableMarkup":false}}},"0801516d-ff55-4db2-a1a0-ddaf4d616e1b":{"name":"Desc","tags":[],"enabled":true,"resource_id":"0801516d-ff55-4db2-a1a0-ddaf4d616e1b","parent":"235684e8-ac0d-46c7-b892-0ff2c4ba7b7b","children":[],"position":[8.778826554589614e-9,-0.16315463383560092,1.801414839519566e-8],"rotation":[0,0,0],"scale":[1,1,1],"components":{"element":{"enabled":true,"type":"text","anchor":[0.5,0.5,0.5,0.5],"pivot":[0.5,0.5],"text":"* The Taj Mahal is an ivory-white marble mausoleum on the south bank of the Yamuna river in the Indian city of Agra. It was commissioned in 1632 by the Mughal emperor, Shah Jahan (reigned from 1628 to 1658), to house the tomb of his favourite wife, Mumtaz Mahal.\n* The Taj Mahal was built by Mughal ruler Shah Jahan for his wife Mumtaz. Taj Mahal is counted among the 7 wonders of the world. The Taj changes its colour three times a day.","key":null,"fontAsset":193508129,"fontSize":0.0912,"minFontSize":8,"maxFontSize":32,"autoFitWidth":false,"autoFitHeight":false,"maxLines":50,"lineHeight":0.17,"wrapLines":true,"spacing":1,"color":[0,0,0],"opacity":1,"textureAsset":null,"spriteAsset":null,"spriteFrame":0,"pixelsPerUnit":null,"width":3,"height":1.3,"margin":[-1.5,-0.813,-1.5,-0.487],"alignment":[0,1],"outlineColor":[0,0,0,1],"outlineThickness":0,"shadowColor":[0,0,0,1],"shadowOffset":[0,0],"rect":[0,0,1,1],"materialAsset":null,"autoWidth":false,"autoHeight":false,"useInput":false,"batchGroupId":null,"mask":false,"layers":[4],"enableMarkup":false}}},"92d8ae85-2042-4fbb-a249-cbbf22f9c038":{"name":"close","tags":[],"enabled":true,"resource_id":"92d8ae85-2042-4fbb-a249-cbbf22f9c038","parent":"235684e8-ac0d-46c7-b892-0ff2c4ba7b7b","children":[],"position":[1.4068325531656183,0.7959999905274415,0.033079298406117896],"rotation":[0,0,0],"scale":[1,1,1],"components":{"element":{"enabled":true,"type":"image","anchor":[0.5,0.5,0.5,0.5],"pivot":[0.5,0.5],"text":"","key":null,"fontAsset":193508129,"fontSize":32,"minFontSize":8,"maxFontSize":32,"autoFitWidth":false,"autoFitHeight":false,"maxLines":null,"lineHeight":32,"wrapLines":true,"spacing":1,"color":[1,1,1],"opacity":1,"textureAsset":193508126,"spriteAsset":null,"spriteFrame":0,"pixelsPerUnit":null,"width":0.2,"height":0.2,"margin":[1.307,0.696,-1.507,-0.896],"alignment":[0.5,0.5],"outlineColor":[0,0,0,1],"outlineThickness":0,"shadowColor":[0,0,0,1],"shadowOffset":[0,0],"rect":[0,0,1,1],"materialAsset":null,"autoWidth":false,"autoHeight":false,"useInput":true,"batchGroupId":null,"mask":false,"layers":[4],"enableMarkup":false},"button":{"enabled":true,"active":true,"imageEntity":"92d8ae85-2042-4fbb-a249-cbbf22f9c038","hitPadding":[0,0,0,0],"transitionMode":0,"hoverTint":[1,1,1,1],"pressedTint":[1,1,1,1],"inactiveTint":[1,1,1,1],"fadeDuration":0,"hoverSpriteAsset":null,"hoverSpriteFrame":0,"pressedSpriteAsset":null,"pressedSpriteFrame":0,"inactiveSpriteAsset":null,"inactiveSpriteFrame":0,"hoverTextureAsset":null,"pressedTextureAsset":null,"inactiveTextureAsset":null},"script":{"enabled":true,"order":["objectStatusChange"],"scripts":{"objectStatusChange":{"enabled":true,"attributes":{"object":"235684e8-ac0d-46c7-b892-0ff2c4ba7b7b","status":false}}}}}},"d43b8eb2-beb4-4d69-840c-c0265c9833ad":{"name":"info","tags":[],"enabled":false,"resource_id":"d43b8eb2-beb4-4d69-840c-c0265c9833ad","parent":"341d3361-ddd7-48a4-b0bc-f3e351a8c428","children":[],"position":[2.4968221136780793,0.3199999928474426,-0.4110963046550751],"rotation":[5.4,-82.6,0],"scale":[0.17,0.17,0.15],"components":{"element":{"enabled":true,"type":"image","anchor":[0.5,0.5,0.5,0.5],"pivot":[0.5,0.5],"text":"","key":null,"fontAsset":null,"fontSize":32,"minFontSize":8,"maxFontSize":32,"autoFitWidth":false,"autoFitHeight":false,"maxLines":null,"lineHeight":32,"wrapLines":true,"spacing":1,"color":[1,1,1],"opacity":1,"textureAsset":193508127,"spriteAsset":null,"spriteFrame":0,"pixelsPerUnit":null,"width":0.683,"height":0.63,"margin":[2.155,0.005,-2.838,-0.635],"alignment":[0.5,0.5],"outlineColor":[0,0,0,1],"outlineThickness":0,"shadowColor":[0,0,0,1],"shadowOffset":[0,0],"rect":[0,0,1,1],"materialAsset":null,"autoWidth":false,"autoHeight":false,"useInput":true,"batchGroupId":null,"mask":false,"layers":[4],"enableMarkup":false},"button":{"enabled":true,"active":true,"imageEntity":"d43b8eb2-beb4-4d69-840c-c0265c9833ad","hitPadding":[0,0,0,0],"transitionMode":0,"hoverTint":[0.13725490196078433,0.8470588235294118,0.7568627450980392,1],"pressedTint":[0.792156862745098,0.10588235294117647,0.10588235294117647,1],"inactiveTint":[1,1,1,1],"fadeDuration":0,"hoverSpriteAsset":null,"hoverSpriteFrame":0,"pressedSpriteAsset":null,"pressedSpriteFrame":0,"inactiveSpriteAsset":null,"inactiveSpriteFrame":0,"hoverTextureAsset":null,"pressedTextureAsset":null,"inactiveTextureAsset":null},"script":{"enabled":true,"order":["objectStatusChange"],"scripts":{"objectStatusChange":{"enabled":true,"attributes":{"object":"235684e8-ac0d-46c7-b892-0ff2c4ba7b7b","status":true}}}}}},"b0890726-1160-411d-ba51-7112138c8b45":{"name":"Spot6","tags":[],"enabled":false,"resource_id":"b0890726-1160-411d-ba51-7112138c8b45","parent":"9939797c-baa5-4662-9428-b1aa2cdaadbb","children":["4ccdb84e-599c-4082-ae51-8ea928b17522","877c4db6-f766-47ed-bf06-e3e449f1b9d5","15b6c491-67dc-4ab7-a606-8aabf657d3ad"],"position":[0,0,0],"rotation":[0,0,0],"scale":[1,1,1],"components":{}},"4ccdb84e-599c-4082-ae51-8ea928b17522":{"name":"Glob","tags":[],"enabled":true,"resource_id":"4ccdb84e-599c-4082-ae51-8ea928b17522","parent":"b0890726-1160-411d-ba51-7112138c8b45","children":[],"position":[0,0,0],"rotation":[0,0,0],"scale":[-1,1,1],"components":{"render":{"enabled":true,"type":"asset","asset":193508111,"materialAssets":[193508115],"layers":[0],"batchGroupId":null,"castShadows":false,"castShadowsLightmap":false,"receiveShadows":false,"lightmapped":false,"lightmapSizeMultiplier":1,"castShadowsLightMap":true,"lightMapped":false,"lightMapSizeMultiplier":1,"isStatic":false,"rootBone":null}}},"d9cc37b1-d371-421b-9db8-d25e35304edb":{"name":"Spot7","tags":[],"enabled":false,"resource_id":"d9cc37b1-d371-421b-9db8-d25e35304edb","parent":"9939797c-baa5-4662-9428-b1aa2cdaadbb","children":["e7862f56-288e-4379-bffc-eca1e725a556","ce36b5fe-b44e-4e3c-8290-954c3121c2bd"],"position":[0,0,0],"rotation":[0,0,0],"scale":[1,1,1],"components":{}},"e7862f56-288e-4379-bffc-eca1e725a556":{"name":"Glob","tags":[],"enabled":true,"resource_id":"e7862f56-288e-4379-bffc-eca1e725a556","parent":"d9cc37b1-d371-421b-9db8-d25e35304edb","children":[],"position":[0,0,0],"rotation":[0,0,0],"scale":[-1,1,1],"components":{"render":{"enabled":true,"type":"asset","asset":193508111,"materialAssets":[193508116],"layers":[0],"batchGroupId":null,"castShadows":false,"castShadowsLightmap":false,"receiveShadows":false,"lightmapped":false,"lightmapSizeMultiplier":1,"castShadowsLightMap":true,"lightMapped":false,"lightMapSizeMultiplier":1,"isStatic":false,"rootBone":null}}},"19985c65-d9cb-4b63-9a50-c36e490e6e17":{"name":"Pin4","tags":[],"enabled":false,"resource_id":"19985c65-d9cb-4b63-9a50-c36e490e6e17","parent":"341d3361-ddd7-48a4-b0bc-f3e351a8c428","children":["78113430-488a-4b4b-ad69-ac20ece46590"],"position":[-2.2271074089679783,0.16599999368190765,-1.2006962569253856],"rotation":[3.799999889798158,61.86,-8.851740975613222e-8],"scale":[0.15,0.15,0.15],"components":{"element":{"enabled":true,"type":"text","anchor":[0.5,0.5,0.5,0.5],"pivot":[0.5,0.5],"text":"Stand Outside","key":null,"fontAsset":193508129,"fontSize":0.6,"minFontSize":8,"maxFontSize":32,"autoFitWidth":false,"autoFitHeight":false,"maxLines":null,"lineHeight":32,"wrapLines":true,"spacing":1,"color":[1,1,1],"opacity":1,"textureAsset":null,"spriteAsset":null,"spriteFrame":0,"pixelsPerUnit":null,"width":4.231,"height":0.604,"margin":[-4.343,-0.136,0.112,-0.468],"alignment":[0.5,0.5],"outlineColor":[0,0,0,1],"outlineThickness":0.5,"shadowColor":[0,0,0,1],"shadowOffset":[0,-0.2],"rect":[0,0,1,1],"materialAsset":null,"autoWidth":true,"autoHeight":true,"fitMode":"stretch","useInput":false,"batchGroupId":null,"mask":false,"layers":[4],"enableMarkup":false}}},"78113430-488a-4b4b-ad69-ac20ece46590":{"name":"Pin","tags":[],"enabled":true,"resource_id":"78113430-488a-4b4b-ad69-ac20ece46590","parent":"19985c65-d9cb-4b63-9a50-c36e490e6e17","children":[],"position":[0.004865325387706676,0.8865120287119788,-0.0012800269151251875],"rotation":[-9.097572705955565e-24,0,0],"scale":[0.65,1,1],"components":{"element":{"enabled":true,"type":"image","anchor":[0.5,0.5,0.5,0.5],"pivot":[0.5,0.5],"text":"","key":null,"fontAsset":null,"fontSize":32,"minFontSize":8,"maxFontSize":32,"autoFitWidth":false,"autoFitHeight":false,"maxLines":null,"lineHeight":32,"wrapLines":true,"spacing":1,"color":[1,1,1],"opacity":1,"textureAsset":193508093,"spriteAsset":null,"spriteFrame":0,"pixelsPerUnit":null,"width":1,"height":1,"margin":[-0.4951346746122933,0.38651202871197876,-0.5048653253877067,-1.3865120287119788],"alignment":[0.5,0.5],"outlineColor":[0,0,0,1],"outlineThickness":0,"shadowColor":[0,0,0,1],"shadowOffset":[0,0],"rect":[0,0,1,1],"materialAsset":null,"autoWidth":false,"autoHeight":false,"fitMode":"stretch","useInput":true,"batchGroupId":null,"mask":false,"layers":[4],"enableMarkup":false},"button":{"enabled":true,"active":true,"imageEntity":"78113430-488a-4b4b-ad69-ac20ece46590","hitPadding":[0,0,0,0],"transitionMode":0,"hoverTint":[0.13725490196078433,0.8470588235294118,0.7568627450980392,1],"pressedTint":[0.792156862745098,0.10588235294117647,0.10588235294117647,1],"inactiveTint":[1,1,1,1],"fadeDuration":0,"hoverSpriteAsset":null,"hoverSpriteFrame":0,"pressedSpriteAsset":null,"pressedSpriteFrame":0,"inactiveSpriteAsset":null,"inactiveSpriteFrame":0,"hoverTextureAsset":null,"pressedTextureAsset":null,"inactiveTextureAsset":null},"script":{"enabled":true,"order":["nextSpot"],"scripts":{"nextSpot":{"enabled":true,"attributes":{"SHOW":"bb610216-df95-4236-a032-52d5dcacdd3c","HIDE":"341d3361-ddd7-48a4-b0bc-f3e351a8c428","tx":10,"ty":300}}}}}},"111429f7-8d07-46d8-849e-0564c0878e65":{"name":"Pin3","tags":[],"enabled":false,"resource_id":"111429f7-8d07-46d8-849e-0564c0878e65","parent":"96e30c0b-2513-4193-9087-6a368ff85fd9","children":["7f8c3548-6e1a-4c41-9452-f52791deb110"],"position":[-2.356635332107544,-0.13688719462155693,0.9614794254302979],"rotation":[180,67.74,-184.85],"scale":[0.1,0.1,0.1],"components":{"element":{"enabled":true,"type":"text","anchor":[0.5,0.5,0.5,0.5],"pivot":[0.5,0.5],"text":"Stand Inside","key":null,"fontAsset":193508129,"fontSize":0.6,"minFontSize":8,"maxFontSize":32,"autoFitWidth":false,"autoFitHeight":false,"maxLines":null,"lineHeight":32,"wrapLines":true,"spacing":1,"color":[1,1,1],"opacity":1,"textureAsset":null,"spriteAsset":null,"spriteFrame":0,"pixelsPerUnit":null,"width":3.692,"height":0.604,"margin":[-4.202,-0.439,0.511,-0.165],"alignment":[0.5,0.5],"outlineColor":[0,0,0,1],"outlineThickness":0.5,"shadowColor":[0,0,0,1],"shadowOffset":[0,-0.2],"rect":[0,0,1,1],"materialAsset":null,"autoWidth":true,"autoHeight":true,"fitMode":"stretch","useInput":false,"batchGroupId":null,"mask":false,"layers":[4],"enableMarkup":false}}},"7f8c3548-6e1a-4c41-9452-f52791deb110":{"name":"Pin","tags":[],"enabled":true,"resource_id":"7f8c3548-6e1a-4c41-9452-f52791deb110","parent":"111429f7-8d07-46d8-849e-0564c0878e65","children":[],"position":[0.004865325387706676,0.8865120287119788,-0.0012800269151251875],"rotation":[-9.097572705955565e-24,0,0],"scale":[0.65,1,1],"components":{"element":{"enabled":true,"type":"image","anchor":[0.5,0.5,0.5,0.5],"pivot":[0.5,0.5],"text":"","key":null,"fontAsset":null,"fontSize":32,"minFontSize":8,"maxFontSize":32,"autoFitWidth":false,"autoFitHeight":false,"maxLines":null,"lineHeight":32,"wrapLines":true,"spacing":1,"color":[1,1,1],"opacity":1,"textureAsset":193508093,"spriteAsset":null,"spriteFrame":0,"pixelsPerUnit":null,"width":1,"height":1,"margin":[-0.4951346746122933,0.38651202871197876,-0.5048653253877067,-1.3865120287119788],"alignment":[0.5,0.5],"outlineColor":[0,0,0,1],"outlineThickness":0,"shadowColor":[0,0,0,1],"shadowOffset":[0,0],"rect":[0,0,1,1],"materialAsset":null,"autoWidth":false,"autoHeight":false,"fitMode":"stretch","useInput":true,"batchGroupId":null,"mask":false,"layers":[4],"enableMarkup":false},"button":{"enabled":true,"active":true,"imageEntity":"7f8c3548-6e1a-4c41-9452-f52791deb110","hitPadding":[0,0,0,0],"transitionMode":0,"hoverTint":[0.13725490196078433,0.8470588235294118,0.7568627450980392,1],"pressedTint":[0.792156862745098,0.10588235294117647,0.10588235294117647,1],"inactiveTint":[1,1,1,1],"fadeDuration":0,"hoverSpriteAsset":null,"hoverSpriteFrame":0,"pressedSpriteAsset":null,"pressedSpriteFrame":0,"inactiveSpriteAsset":null,"inactiveSpriteFrame":0,"hoverTextureAsset":null,"pressedTextureAsset":null,"inactiveTextureAsset":null},"script":{"enabled":true,"order":["nextSpot"],"scripts":{"nextSpot":{"enabled":true,"attributes":{"SHOW":"341d3361-ddd7-48a4-b0bc-f3e351a8c428","HIDE":"96e30c0b-2513-4193-9087-6a368ff85fd9","tx":0,"ty":-90}}}}}},"899b3bc0-b52e-4bb2-8ab0-850eed0fef96":{"name":"Pin5","tags":[],"enabled":false,"resource_id":"899b3bc0-b52e-4bb2-8ab0-850eed0fef96","parent":"bb610216-df95-4236-a032-52d5dcacdd3c","children":["d8b85260-4da1-4999-b181-37323920ced0"],"position":[0.9204621373548172,0.44526517391204834,2.331756999255574],"rotation":[-165.7,-21.46,-179.9999999073934],"scale":[0.08,0.08,0.08],"components":{"element":{"enabled":true,"type":"text","anchor":[0.5,0.5,0.5,0.5],"pivot":[0.5,0.5],"text":"Back View","key":null,"fontAsset":193508129,"fontSize":0.6,"minFontSize":8,"maxFontSize":32,"autoFitWidth":false,"autoFitHeight":false,"maxLines":null,"lineHeight":32,"wrapLines":true,"spacing":1,"color":[1,1,1],"opacity":1,"textureAsset":null,"spriteAsset":null,"spriteFrame":0,"pixelsPerUnit":null,"width":3.043,"height":0.604,"margin":[-0.601,0.143,-2.442,-0.747],"alignment":[0.5,0.5],"outlineColor":[0,0,0,1],"outlineThickness":0.5,"shadowColor":[0,0,0,1],"shadowOffset":[0,-0.2],"rect":[0,0,1,1],"materialAsset":null,"autoWidth":true,"autoHeight":true,"fitMode":"stretch","useInput":false,"batchGroupId":null,"mask":false,"layers":[4],"enableMarkup":false}}},"d8b85260-4da1-4999-b181-37323920ced0":{"name":"Pin","tags":[],"enabled":true,"resource_id":"d8b85260-4da1-4999-b181-37323920ced0","parent":"899b3bc0-b52e-4bb2-8ab0-850eed0fef96","children":[],"position":[0.004865325387706676,0.8865120287119788,-0.0012800269151251875],"rotation":[-9.097572705955565e-24,0,0],"scale":[0.65,1,1],"components":{"element":{"enabled":true,"type":"image","anchor":[0.5,0.5,0.5,0.5],"pivot":[0.5,0.5],"text":"","key":null,"fontAsset":null,"fontSize":32,"minFontSize":8,"maxFontSize":32,"autoFitWidth":false,"autoFitHeight":false,"maxLines":null,"lineHeight":32,"wrapLines":true,"spacing":1,"color":[1,1,1],"opacity":1,"textureAsset":193508093,"spriteAsset":null,"spriteFrame":0,"pixelsPerUnit":null,"width":1,"height":1,"margin":[-0.4951346746122933,0.38651202871197876,-0.5048653253877067,-1.3865120287119788],"alignment":[0.5,0.5],"outlineColor":[0,0,0,1],"outlineThickness":0,"shadowColor":[0,0,0,1],"shadowOffset":[0,0],"rect":[0,0,1,1],"materialAsset":null,"autoWidth":false,"autoHeight":false,"fitMode":"stretch","useInput":true,"batchGroupId":null,"mask":false,"layers":[4],"enableMarkup":false},"button":{"enabled":true,"active":true,"imageEntity":"d8b85260-4da1-4999-b181-37323920ced0","hitPadding":[0,0,0,0],"transitionMode":0,"hoverTint":[0.13725490196078433,0.8470588235294118,0.7568627450980392,1],"pressedTint":[0.792156862745098,0.10588235294117647,0.10588235294117647,1],"inactiveTint":[1,1,1,1],"fadeDuration":0,"hoverSpriteAsset":null,"hoverSpriteFrame":0,"pressedSpriteAsset":null,"pressedSpriteFrame":0,"inactiveSpriteAsset":null,"inactiveSpriteFrame":0,"hoverTextureAsset":null,"pressedTextureAsset":null,"inactiveTextureAsset":null},"script":{"enabled":true,"order":["nextSpot"],"scripts":{"nextSpot":{"enabled":true,"attributes":{"SHOW":"b0890726-1160-411d-ba51-7112138c8b45","HIDE":"bb610216-df95-4236-a032-52d5dcacdd3c","tx":10,"ty":180}}}}}},"877c4db6-f766-47ed-bf06-e3e449f1b9d5":{"name":"Pin6","tags":[],"enabled":true,"resource_id":"877c4db6-f766-47ed-bf06-e3e449f1b9d5","parent":"b0890726-1160-411d-ba51-7112138c8b45","children":["c3e10860-3e0e-43e5-baff-c089d05c890b"],"position":[-1.8578661825344196,1.1590602397918701,1.2894392679354512],"rotation":[10,123.56,-15.049999110244963],"scale":[0.1,0.1,1],"components":{"element":{"enabled":true,"type":"text","anchor":[0.5,0.5,0.5,0.5],"pivot":[0.5,0.5],"text":"Front View","key":null,"fontAsset":193508129,"fontSize":0.6,"minFontSize":8,"maxFontSize":32,"autoFitWidth":false,"autoFitHeight":false,"maxLines":null,"lineHeight":32,"wrapLines":true,"spacing":1,"color":[1,1,1],"opacity":1,"textureAsset":null,"spriteAsset":null,"spriteFrame":0,"pixelsPerUnit":null,"width":3.225,"height":0.604,"margin":[-3.47,0.857,0.245,-1.461],"alignment":[0.5,0.5],"outlineColor":[0,0,0,1],"outlineThickness":0.5,"shadowColor":[0,0,0,1],"shadowOffset":[0,-0.2],"rect":[0,0,1,1],"materialAsset":null,"autoWidth":true,"autoHeight":true,"fitMode":"stretch","useInput":false,"batchGroupId":null,"mask":false,"layers":[4],"enableMarkup":false}}},"c3e10860-3e0e-43e5-baff-c089d05c890b":{"name":"Pin","tags":[],"enabled":true,"resource_id":"c3e10860-3e0e-43e5-baff-c089d05c890b","parent":"877c4db6-f766-47ed-bf06-e3e449f1b9d5","children":[],"position":[0.004865325387706676,0.8865120287119788,-0.0012800269151251875],"rotation":[-9.097572705955565e-24,0,0],"scale":[0.65,1,1],"components":{"element":{"enabled":true,"type":"image","anchor":[0.5,0.5,0.5,0.5],"pivot":[0.5,0.5],"text":"","key":null,"fontAsset":null,"fontSize":32,"minFontSize":8,"maxFontSize":32,"autoFitWidth":false,"autoFitHeight":false,"maxLines":null,"lineHeight":32,"wrapLines":true,"spacing":1,"color":[1,1,1],"opacity":1,"textureAsset":193508093,"spriteAsset":null,"spriteFrame":0,"pixelsPerUnit":null,"width":1,"height":1,"margin":[-0.4951346746122933,0.38651202871197876,-0.5048653253877067,-1.3865120287119788],"alignment":[0.5,0.5],"outlineColor":[0,0,0,1],"outlineThickness":0,"shadowColor":[0,0,0,1],"shadowOffset":[0,0],"rect":[0,0,1,1],"materialAsset":null,"autoWidth":false,"autoHeight":false,"fitMode":"stretch","useInput":true,"batchGroupId":null,"mask":false,"layers":[4],"enableMarkup":false},"button":{"enabled":true,"active":true,"imageEntity":"c3e10860-3e0e-43e5-baff-c089d05c890b","hitPadding":[0,0,0,0],"transitionMode":0,"hoverTint":[0.13725490196078433,0.8470588235294118,0.7568627450980392,1],"pressedTint":[0.792156862745098,0.10588235294117647,0.10588235294117647,1],"inactiveTint":[1,1,1,1],"fadeDuration":0,"hoverSpriteAsset":null,"hoverSpriteFrame":0,"pressedSpriteAsset":null,"pressedSpriteFrame":0,"inactiveSpriteAsset":null,"inactiveSpriteFrame":0,"hoverTextureAsset":null,"pressedTextureAsset":null,"inactiveTextureAsset":null},"script":{"enabled":true,"order":["nextSpot"],"scripts":{"nextSpot":{"enabled":true,"attributes":{"SHOW":"d9cc37b1-d371-421b-9db8-d25e35304edb","HIDE":"b0890726-1160-411d-ba51-7112138c8b45","tx":10,"ty":290}}}}}},"e31ab3fb-4504-4d18-a6cc-6cbba01672d1":{"name":"video2","tags":[],"enabled":false,"resource_id":"e31ab3fb-4504-4d18-a6cc-6cbba01672d1","parent":"e8e7a514-1ecd-430e-bb86-2e93d28fd10a","children":[],"position":[0,0,0],"rotation":[0,0,0],"scale":[1,1,1],"components":{"element":{"enabled":true,"type":"image","anchor":[0.5,0.5,0.5,0.5],"pivot":[0.5,0.5],"text":"","key":null,"fontAsset":193508129,"fontSize":32,"minFontSize":8,"maxFontSize":32,"autoFitWidth":false,"autoFitHeight":false,"maxLines":null,"lineHeight":32,"wrapLines":true,"spacing":1,"color":[1,1,1],"opacity":1,"textureAsset":null,"spriteAsset":null,"spriteFrame":0,"pixelsPerUnit":null,"width":352,"height":360,"margin":[-176,-180,-176,-180],"alignment":[0.5,0.5],"outlineColor":[0,0,0,1],"outlineThickness":0,"shadowColor":[0,0,0,1],"shadowOffset":[0,0],"rect":[0,0,1,1],"materialAsset":194985362,"autoWidth":false,"autoHeight":false,"fitMode":"stretch","useInput":false,"batchGroupId":null,"mask":false,"layers":[0,4],"enableMarkup":false}}},"3c068591-4421-4571-86d2-30292273965d":{"name":"HUD","tags":[],"enabled":true,"resource_id":"3c068591-4421-4571-86d2-30292273965d","parent":"9939797c-baa5-4662-9428-b1aa2cdaadbb","children":["33e64077-be4a-4ccf-b762-32f66e154cdb","c0d241fd-8add-4f12-a812-5804768ef501","b08cd724-af7b-47b5-83fa-15678175305d","34c9a2b9-32f0-4301-8a3f-7dc678313b01","de667aa0-3931-446a-b5cc-d3337eef4534","e8a724d6-5a11-4429-ad13-9ffbea142446","662c1728-5d96-49b2-9d51-b846f34ceb55"],"position":[0,0,0],"rotation":[0,0,0],"scale":[1,1,1],"components":{"screen":{"enabled":true,"screenSpace":true,"scaleMode":"blend","scaleBlend":0.5,"resolution":[1280,720],"referenceResolution":[1280,720],"priority":0}}},"c0d241fd-8add-4f12-a812-5804768ef501":{"name":"cartBtn","tags":[],"enabled":true,"resource_id":"c0d241fd-8add-4f12-a812-5804768ef501","parent":"3c068591-4421-4571-86d2-30292273965d","children":[],"position":[-20,-20,0],"rotation":[0,0,0],"scale":[1,1,1],"components":{"button":{"enabled":true,"active":false,"imageEntity":"c0d241fd-8add-4f12-a812-5804768ef501","hitPadding":[0,0,0,0],"transitionMode":0,"hoverTint":[1,1,1,1],"pressedTint":[0.5137254901960784,0.03529411764705882,0.03529411764705882,1],"inactiveTint":[1,1,1,0.25098039215686274],"fadeDuration":0,"hoverSpriteAsset":null,"hoverSpriteFrame":1,"pressedSpriteAsset":null,"pressedSpriteFrame":0,"inactiveSpriteAsset":null,"inactiveSpriteFrame":0,"hoverTextureAsset":null,"pressedTextureAsset":null,"inactiveTextureAsset":null},"element":{"enabled":true,"type":"image","anchor":[1,1,1,1],"pivot":[1,1],"text":"","key":null,"fontAsset":null,"fontSize":32,"minFontSize":8,"maxFontSize":32,"autoFitWidth":false,"autoFitHeight":false,"maxLines":null,"lineHeight":32,"wrapLines":true,"spacing":1,"color":[1,1,1],"opacity":1,"textureAsset":193832820,"spriteAsset":null,"spriteFrame":0,"pixelsPerUnit":null,"width":60,"height":60,"margin":[-80,-80,20,20],"alignment":[0.5,0.5],"outlineColor":[0,0,0,1],"outlineThickness":0,"shadowColor":[0,0,0,1],"shadowOffset":[0,0],"rect":[0,0,1,1],"materialAsset":null,"autoWidth":false,"autoHeight":false,"fitMode":"stretch","useInput":true,"batchGroupId":null,"mask":false,"layers":[4],"enableMarkup":false},"script":{"enabled":true,"order":["cart"],"scripts":{"cart":{"enabled":true,"attributes":{"html":194345455}}}}}},"b08cd724-af7b-47b5-83fa-15678175305d":{"name":"cameraBtn","tags":[],"enabled":true,"resource_id":"b08cd724-af7b-47b5-83fa-15678175305d","parent":"3c068591-4421-4571-86d2-30292273965d","children":[],"position":[-110,-20.000014305114746,0],"rotation":[0,0,0],"scale":[1,1,1],"components":{"button":{"enabled":true,"active":false,"imageEntity":"b08cd724-af7b-47b5-83fa-15678175305d","hitPadding":[0,0,0,0],"transitionMode":0,"hoverTint":[1,1,1,1],"pressedTint":[0.5137254901960784,0.03529411764705882,0.03529411764705882,1],"inactiveTint":[1,1,1,0.25098039215686274],"fadeDuration":0,"hoverSpriteAsset":null,"hoverSpriteFrame":1,"pressedSpriteAsset":null,"pressedSpriteFrame":0,"inactiveSpriteAsset":null,"inactiveSpriteFrame":0,"hoverTextureAsset":null,"pressedTextureAsset":null,"inactiveTextureAsset":null},"element":{"enabled":true,"type":"image","anchor":[1,1,1,1],"pivot":[1,1],"text":"","key":null,"fontAsset":null,"fontSize":32,"minFontSize":8,"maxFontSize":32,"autoFitWidth":false,"autoFitHeight":false,"maxLines":null,"lineHeight":32,"wrapLines":true,"spacing":1,"color":[1,1,1],"opacity":1,"textureAsset":193832821,"spriteAsset":null,"spriteFrame":0,"pixelsPerUnit":null,"width":79,"height":60,"margin":[-189,-80,110,20],"alignment":[0.5,0.5],"outlineColor":[0,0,0,1],"outlineThickness":0,"shadowColor":[0,0,0,1],"shadowOffset":[0,0],"rect":[0,0,1,1],"materialAsset":null,"autoWidth":false,"autoHeight":false,"fitMode":"stretch","useInput":true,"batchGroupId":null,"mask":false,"layers":[4],"enableMarkup":false},"script":{"enabled":true,"order":["objectStatusChange"],"scripts":{"objectStatusChange":{"enabled":true,"attributes":{"object":"34c9a2b9-32f0-4301-8a3f-7dc678313b01","status":true}}}}}},"6245a307-825c-47ee-a36d-79a2b763442b":{"name":"Text","tags":[],"enabled":true,"resource_id":"6245a307-825c-47ee-a36d-79a2b763442b","parent":"33e64077-be4a-4ccf-b762-32f66e154cdb","children":[],"position":[0,0,0],"rotation":[0,0,0],"scale":[1,1,1],"components":{"element":{"enabled":true,"type":"text","anchor":[0.5,0.5,0.5,0.5],"pivot":[0.5,0.5],"text":"End Tour","key":null,"fontAsset":193508129,"fontSize":38,"minFontSize":8,"maxFontSize":32,"autoFitWidth":false,"autoFitHeight":false,"maxLines":null,"lineHeight":1,"wrapLines":false,"spacing":1,"color":[1,1,1],"opacity":1,"textureAsset":null,"spriteAsset":null,"spriteFrame":0,"pixelsPerUnit":null,"width":167.938,"height":38.241,"margin":[-83.969,-19.621,-83.969,-19.621],"alignment":[0.5,0.5],"outlineColor":[0,0,0,1],"outlineThickness":0,"shadowColor":[0,0,0,1],"shadowOffset":[0,0],"rect":[0,0,1,1],"materialAsset":null,"autoWidth":true,"autoHeight":true,"fitMode":"stretch","useInput":false,"batchGroupId":null,"mask":false,"layers":[4],"enableMarkup":false}}},"33e64077-be4a-4ccf-b762-32f66e154cdb":{"name":"endTour","tags":[],"enabled":false,"resource_id":"33e64077-be4a-4ccf-b762-32f66e154cdb","parent":"3c068591-4421-4571-86d2-30292273965d","children":["6245a307-825c-47ee-a36d-79a2b763442b"],"position":[0,-20,0],"rotation":[0,0,0],"scale":[1,1,1],"components":{"element":{"enabled":true,"type":"image","anchor":[0.5,1,0.5,1],"pivot":[0.5,1],"text":"","key":null,"fontAsset":193508129,"fontSize":32,"minFontSize":8,"maxFontSize":32,"autoFitWidth":false,"autoFitHeight":false,"maxLines":null,"lineHeight":32,"wrapLines":true,"spacing":1,"color":[0.5137254901960784,0.03529411764705882,0.03529411764705882],"opacity":1,"textureAsset":194299159,"spriteAsset":null,"spriteFrame":0,"pixelsPerUnit":null,"width":200,"height":60,"margin":[-100,-80,-100,20],"alignment":[0.5,0.5],"outlineColor":[0,0,0,1],"outlineThickness":0,"shadowColor":[0,0,0,1],"shadowOffset":[0,0],"rect":[0,0,1,1],"materialAsset":null,"autoWidth":false,"autoHeight":false,"fitMode":"stretch","useInput":true,"batchGroupId":null,"mask":false,"layers":[4],"enableMarkup":false},"button":{"enabled":true,"active":true,"imageEntity":null,"hitPadding":[0,0,0,0],"transitionMode":0,"hoverTint":[0.5137254901960784,0.03529411764705882,0.03529411764705882,1],"pressedTint":[0.5137254901960784,0.03529411764705882,0.03529411764705882,1],"inactiveTint":[1,1,1,1],"fadeDuration":0,"hoverSpriteAsset":null,"hoverSpriteFrame":0,"pressedSpriteAsset":null,"pressedSpriteFrame":0,"inactiveSpriteAsset":null,"inactiveSpriteFrame":0,"hoverTextureAsset":null,"pressedTextureAsset":null,"inactiveTextureAsset":null},"script":{"enabled":true,"order":["tourend"],"scripts":{"tourend":{"enabled":true,"attributes":{"html":194356573,"HUDPanel":"3c068591-4421-4571-86d2-30292273965d"}}}}}},"de667aa0-3931-446a-b5cc-d3337eef4534":{"name":"blurScreen","tags":[],"enabled":false,"resource_id":"de667aa0-3931-446a-b5cc-d3337eef4534","parent":"3c068591-4421-4571-86d2-30292273965d","children":[],"position":[0,0,0],"rotation":[0,0,0],"scale":[1,1,1],"components":{"element":{"enabled":true,"type":"image","anchor":[0.5,0.5,0.5,0.5],"pivot":[0.5,0.5],"text":"","key":null,"fontAsset":193508129,"fontSize":32,"minFontSize":8,"maxFontSize":32,"autoFitWidth":false,"autoFitHeight":false,"maxLines":null,"lineHeight":32,"wrapLines":true,"spacing":1,"color":[1,1,1],"opacity":1,"textureAsset":null,"spriteAsset":null,"spriteFrame":0,"pixelsPerUnit":null,"width":1280,"height":920,"margin":[-640,-460,-640,-460],"alignment":[0.5,0.5],"outlineColor":[0,0,0,1],"outlineThickness":0,"shadowColor":[0,0,0,1],"shadowOffset":[0,0],"rect":[0,0,1,1],"materialAsset":null,"autoWidth":false,"autoHeight":false,"fitMode":"stretch","useInput":false,"batchGroupId":null,"mask":false,"layers":[4],"enableMarkup":false},"script":{"enabled":true,"order":["blurImageElement"],"scripts":{"blurImageElement":{"enabled":true,"attributes":{"camera":"227dde7a-d8d2-4f7d-af65-15096197f874","iterations":3,"radiusFactor":1}}}}}},"34c9a2b9-32f0-4301-8a3f-7dc678313b01":{"name":"cameraUI","tags":[],"enabled":false,"resource_id":"34c9a2b9-32f0-4301-8a3f-7dc678313b01","parent":"3c068591-4421-4571-86d2-30292273965d","children":["0f5cfd69-b9e6-48dc-8acb-4c2bf66fc741","1ba61404-712b-4d99-a67a-281ed37d0278"],"position":[0,0,0],"rotation":[0,0,0],"scale":[1,1,1],"components":{"element":{"enabled":true,"type":"image","anchor":[0.5,0.5,0.5,0.5],"pivot":[0.5,0.5],"text":"","key":null,"fontAsset":193508129,"fontSize":32,"minFontSize":8,"maxFontSize":32,"autoFitWidth":false,"autoFitHeight":false,"maxLines":null,"lineHeight":32,"wrapLines":true,"spacing":1,"color":[1,1,1],"opacity":1,"textureAsset":194299159,"spriteAsset":null,"spriteFrame":0,"pixelsPerUnit":null,"width":352,"height":360,"margin":[-176,-180,-176,-180],"alignment":[0.5,0.5],"outlineColor":[0,0,0,1],"outlineThickness":0,"shadowColor":[0,0,0,1],"shadowOffset":[0,0],"rect":[0,0,1,1],"materialAsset":null,"autoWidth":false,"autoHeight":false,"fitMode":"stretch","useInput":false,"batchGroupId":null,"mask":false,"layers":[4],"enableMarkup":false},"script":{"enabled":true,"order":["camView"],"scripts":{"camView":{"enabled":true,"attributes":{"group1":"0f5cfd69-b9e6-48dc-8acb-4c2bf66fc741","group2":"1ba61404-712b-4d99-a67a-281ed37d0278"}}}}}},"ca75bc2d-4c25-46a3-ba1a-b99a6fe4d3f1":{"name":"spinner","tags":[],"enabled":true,"resource_id":"ca75bc2d-4c25-46a3-ba1a-b99a6fe4d3f1","parent":"0f5cfd69-b9e6-48dc-8acb-4c2bf66fc741","children":[],"position":[0,0,0],"rotation":[0,0,0],"scale":[1,1,1],"components":{"element":{"enabled":true,"type":"image","anchor":[0.5,0.5,0.5,0.5],"pivot":[0.5,0.5],"text":"Taj Mahal","key":null,"fontAsset":193508129,"fontSize":50,"minFontSize":8,"maxFontSize":32,"autoFitWidth":false,"autoFitHeight":false,"maxLines":null,"lineHeight":46.39,"wrapLines":true,"spacing":1,"color":[1,1,1],"opacity":1,"textureAsset":193996523,"spriteAsset":null,"spriteFrame":0,"pixelsPerUnit":null,"width":100,"height":100,"margin":[-50,-50,-50,-50],"alignment":[0.5,0.5],"outlineColor":[0,0,0,1],"outlineThickness":0,"shadowColor":[0,0,0,1],"shadowOffset":[0,0],"rect":[0,0,1,1],"materialAsset":null,"autoWidth":true,"autoHeight":true,"fitMode":"stretch","useInput":false,"batchGroupId":null,"mask":false,"layers":[4],"enableMarkup":false},"script":{"enabled":true,"order":["spinner"],"scripts":{"spinner":{"enabled":true,"attributes":{"timer":0,"speed":0.15}}}}}},"019ec7c7-349b-41c2-9052-0ba49a6e35b7":{"name":"Text","tags":[],"enabled":true,"resource_id":"019ec7c7-349b-41c2-9052-0ba49a6e35b7","parent":"0f5cfd69-b9e6-48dc-8acb-4c2bf66fc741","children":[],"position":[0,100,0],"rotation":[0,0,0],"scale":[1,1,1],"components":{"element":{"enabled":true,"type":"text","anchor":[0.5,0.5,0.5,0.5],"pivot":[0.5,0.5],"text":"Capturing Image","key":null,"fontAsset":193508129,"fontSize":25,"minFontSize":8,"maxFontSize":32,"autoFitWidth":false,"autoFitHeight":false,"maxLines":null,"lineHeight":46.39,"wrapLines":true,"spacing":1,"color":[0.5137254901960784,0.03529411764705882,0.03529411764705882],"opacity":1,"textureAsset":null,"spriteAsset":null,"spriteFrame":0,"pixelsPerUnit":null,"width":206.982,"height":25.159,"margin":[-103.491,87.421,-103.491,-112.579],"alignment":[0.5,0.5],"outlineColor":[0,0,0,1],"outlineThickness":0,"shadowColor":[0,0,0,1],"shadowOffset":[0,0],"rect":[0,0,1,1],"materialAsset":null,"autoWidth":true,"autoHeight":true,"fitMode":"stretch","useInput":false,"batchGroupId":null,"mask":false,"layers":[4],"enableMarkup":false}}},"7f09061d-713e-41fa-89b8-2e5e5d6516ec":{"name":"Text","tags":[],"enabled":true,"resource_id":"7f09061d-713e-41fa-89b8-2e5e5d6516ec","parent":"0f5cfd69-b9e6-48dc-8acb-4c2bf66fc741","children":[],"position":[0,-100,0],"rotation":[0,0,0],"scale":[1,1,1],"components":{"element":{"enabled":true,"type":"text","anchor":[0.5,0.5,0.5,0.5],"pivot":[0.5,0.5],"text":"Please wait...","key":null,"fontAsset":193508129,"fontSize":20,"minFontSize":8,"maxFontSize":32,"autoFitWidth":false,"autoFitHeight":false,"maxLines":null,"lineHeight":46.39,"wrapLines":true,"spacing":1,"color":[0,0,0],"opacity":1,"textureAsset":null,"spriteAsset":null,"spriteFrame":0,"pixelsPerUnit":null,"width":130.605,"height":20.127,"margin":[-65.303,-110.063,-65.303,89.937],"alignment":[0.5,0.5],"outlineColor":[0,0,0,1],"outlineThickness":0,"shadowColor":[0,0,0,1],"shadowOffset":[0,0],"rect":[0,0,1,1],"materialAsset":null,"autoWidth":true,"autoHeight":true,"fitMode":"stretch","useInput":false,"batchGroupId":null,"mask":false,"layers":[4],"enableMarkup":false}}},"0f5cfd69-b9e6-48dc-8acb-4c2bf66fc741":{"name":"Group1","tags":[],"enabled":true,"resource_id":"0f5cfd69-b9e6-48dc-8acb-4c2bf66fc741","parent":"34c9a2b9-32f0-4301-8a3f-7dc678313b01","children":["019ec7c7-349b-41c2-9052-0ba49a6e35b7","ca75bc2d-4c25-46a3-ba1a-b99a6fe4d3f1","7f09061d-713e-41fa-89b8-2e5e5d6516ec"],"position":[0,0,0],"rotation":[0,0,0],"scale":[1,1,1],"components":{"element":{"enabled":true,"type":"group","anchor":[0.5,0.5,0.5,0.5],"pivot":[0.5,0.5],"text":"","key":null,"fontAsset":193508129,"fontSize":32,"minFontSize":8,"maxFontSize":32,"autoFitWidth":false,"autoFitHeight":false,"maxLines":null,"lineHeight":32,"wrapLines":true,"spacing":1,"color":[1,1,1],"opacity":1,"textureAsset":null,"spriteAsset":null,"spriteFrame":0,"pixelsPerUnit":null,"width":352,"height":360,"margin":[-176,-180,-176,-180],"alignment":[0.5,0.5],"outlineColor":[0,0,0,1],"outlineThickness":0,"shadowColor":[0,0,0,1],"shadowOffset":[0,0],"rect":[0,0,1,1],"materialAsset":null,"autoWidth":false,"autoHeight":false,"fitMode":"stretch","useInput":false,"batchGroupId":null,"mask":false,"layers":[4],"enableMarkup":false}}},"1ba61404-712b-4d99-a67a-281ed37d0278":{"name":"Group2","tags":[],"enabled":false,"resource_id":"1ba61404-712b-4d99-a67a-281ed37d0278","parent":"34c9a2b9-32f0-4301-8a3f-7dc678313b01","children":["23f736ac-b531-4279-937a-24d080aa75b2","aa668da1-fdfe-4587-9e1d-e28b4e2fc7de"],"position":[0,0,0],"rotation":[0,0,0],"scale":[1,1,1],"components":{"element":{"enabled":true,"type":"group","anchor":[0.5,0.5,0.5,0.5],"pivot":[0.5,0.5],"text":"","key":null,"fontAsset":193508129,"fontSize":32,"minFontSize":8,"maxFontSize":32,"autoFitWidth":false,"autoFitHeight":false,"maxLines":null,"lineHeight":32,"wrapLines":true,"spacing":1,"color":[1,1,1],"opacity":1,"textureAsset":null,"spriteAsset":null,"spriteFrame":0,"pixelsPerUnit":null,"width":352,"height":360,"margin":[-176,-180,-176,-180],"alignment":[0.5,0.5],"outlineColor":[0,0,0,1],"outlineThickness":0,"shadowColor":[0,0,0,1],"shadowOffset":[0,0],"rect":[0,0,1,1],"materialAsset":null,"autoWidth":false,"autoHeight":false,"fitMode":"stretch","useInput":false,"batchGroupId":null,"mask":false,"layers":[4],"enableMarkup":false}}},"23f736ac-b531-4279-937a-24d080aa75b2":{"name":"Text","tags":[],"enabled":true,"resource_id":"23f736ac-b531-4279-937a-24d080aa75b2","parent":"1ba61404-712b-4d99-a67a-281ed37d0278","children":[],"position":[0,22.43036599300816,0],"rotation":[0,0,0],"scale":[1,1,1],"components":{"element":{"enabled":true,"type":"text","anchor":[0.5,0.5,0.5,0.5],"pivot":[0.5,0.5],"text":"Image has been\nCaptured and will\nbe sent to you in\n48 hours.","key":null,"fontAsset":193508129,"fontSize":25,"minFontSize":8,"maxFontSize":32,"autoFitWidth":false,"autoFitHeight":false,"maxLines":null,"lineHeight":46.39,"wrapLines":true,"spacing":1,"color":[0.5137254901960784,0.03529411764705882,0.03529411764705882],"opacity":1,"textureAsset":null,"spriteAsset":null,"spriteFrame":0,"pixelsPerUnit":null,"width":220.703,"height":164.329,"margin":[-110.352,-59.734,-110.352,-104.595],"alignment":[0.5,0.5],"outlineColor":[0,0,0,1],"outlineThickness":0,"shadowColor":[0,0,0,1],"shadowOffset":[0,0],"rect":[0,0,1,1],"materialAsset":null,"autoWidth":true,"autoHeight":true,"fitMode":"stretch","useInput":false,"batchGroupId":null,"mask":false,"layers":[4],"enableMarkup":false}}},"aa668da1-fdfe-4587-9e1d-e28b4e2fc7de":{"name":"close","tags":[],"enabled":true,"resource_id":"aa668da1-fdfe-4587-9e1d-e28b4e2fc7de","parent":"1ba61404-712b-4d99-a67a-281ed37d0278","children":["b2c08a33-ff43-4827-8034-7064e68920d3"],"position":[0,-121.08,0],"rotation":[0,0,0],"scale":[1,1,1],"components":{"button":{"enabled":true,"active":true,"imageEntity":"aa668da1-fdfe-4587-9e1d-e28b4e2fc7de","hitPadding":[0,0,0,0],"transitionMode":0,"hoverTint":[0.5137254901960784,0.03529411764705882,0.03529411764705882,1],"pressedTint":[0.5137254901960784,0.03529411764705882,0.03529411764705882,1],"inactiveTint":[1,1,1,1],"fadeDuration":0,"hoverSpriteAsset":null,"hoverSpriteFrame":0,"pressedSpriteAsset":null,"pressedSpriteFrame":0,"inactiveSpriteAsset":null,"inactiveSpriteFrame":0,"hoverTextureAsset":null,"pressedTextureAsset":null,"inactiveTextureAsset":null},"element":{"enabled":true,"type":"image","anchor":[0.5,0.5,0.5,0.5],"pivot":[0.5,0.5],"text":"","key":null,"fontAsset":193508129,"fontSize":32,"minFontSize":8,"maxFontSize":32,"autoFitWidth":false,"autoFitHeight":false,"maxLines":null,"lineHeight":32,"wrapLines":true,"spacing":1,"color":[0.5137254901960784,0.03529411764705882,0.03529411764705882],"opacity":1,"textureAsset":194299159,"spriteAsset":null,"spriteFrame":0,"pixelsPerUnit":null,"width":120,"height":60,"margin":[-60,-151.08,-60,91.08],"alignment":[0.5,0.5],"outlineColor":[0,0,0,1],"outlineThickness":0,"shadowColor":[0,0,0,1],"shadowOffset":[0,0],"rect":[0,0,1,1],"materialAsset":null,"autoWidth":false,"autoHeight":false,"fitMode":"stretch","useInput":true,"batchGroupId":null,"mask":false,"layers":[4],"enableMarkup":false},"script":{"enabled":true,"order":["objectStatusChange"],"scripts":{"objectStatusChange":{"enabled":true,"attributes":{"object":"34c9a2b9-32f0-4301-8a3f-7dc678313b01","status":false}}}}}},"b2c08a33-ff43-4827-8034-7064e68920d3":{"name":"Text","tags":[],"enabled":true,"resource_id":"b2c08a33-ff43-4827-8034-7064e68920d3","parent":"aa668da1-fdfe-4587-9e1d-e28b4e2fc7de","children":[],"position":[0,0,0],"rotation":[0,0,0],"scale":[1,1,1],"components":{"element":{"enabled":true,"type":"text","anchor":[0,0,1,1],"pivot":[0.5,0.5],"text":"Okay","key":null,"fontAsset":193508129,"fontSize":32,"minFontSize":8,"maxFontSize":32,"autoFitWidth":true,"autoFitHeight":true,"maxLines":null,"lineHeight":32,"wrapLines":true,"spacing":1,"color":[1,1,1],"opacity":1,"textureAsset":null,"spriteAsset":null,"spriteFrame":0,"pixelsPerUnit":null,"width":32,"height":32,"margin":[0,0,0,0],"alignment":[0.5,0.5],"outlineColor":[0,0,0,1],"outlineThickness":0,"shadowColor":[0,0,0,1],"shadowOffset":[0,0],"rect":[0,0,1,1],"materialAsset":null,"autoWidth":false,"autoHeight":false,"fitMode":"stretch","useInput":false,"batchGroupId":null,"mask":false,"layers":[4],"enableMarkup":false}}},"662c1728-5d96-49b2-9d51-b846f34ceb55":{"name":"loginUI","tags":[],"enabled":true,"resource_id":"662c1728-5d96-49b2-9d51-b846f34ceb55","parent":"3c068591-4421-4571-86d2-30292273965d","children":[],"position":[0,0,0],"rotation":[0,0,0],"scale":[1,1,1],"components":{"script":{"enabled":true,"order":["login"],"scripts":{"login":{"enabled":true,"attributes":{"css":194142274,"html":194142254,"blur":"de667aa0-3931-446a-b5cc-d3337eef4534","start":"e810c518-0c2a-40cf-9f3f-59e793faa63d"}}}}}},"e8e7a514-1ecd-430e-bb86-2e93d28fd10a":{"name":"HUD","tags":[],"enabled":true,"resource_id":"e8e7a514-1ecd-430e-bb86-2e93d28fd10a","parent":"a139b240-e9ff-4230-badc-ccab36a148ef","children":["e31ab3fb-4504-4d18-a6cc-6cbba01672d1"],"position":[0,0,0],"rotation":[0,0,0],"scale":[1,1,1],"components":{"screen":{"enabled":true,"screenSpace":true,"scaleMode":"blend","scaleBlend":0.5,"resolution":[1280,720],"referenceResolution":[1280,720],"priority":0},"script":{"enabled":true,"order":["videoTexture"],"scripts":{"videoTexture":{"enabled":true,"attributes":{"videoAsset":195507522,"videoUrl":"","screenMaterial":194985362,"loading":"e8a724d6-5a11-4429-ad13-9ffbea142446","Camera":"227dde7a-d8d2-4f7d-af65-15096197f874","Pin":"5a7c6b32-cb27-423a-8bd2-9269a0b54fa2","btnCart":"c0d241fd-8add-4f12-a812-5804768ef501","btnCam":"b08cd724-af7b-47b5-83fa-15678175305d","timer":44000,"screen":"e31ab3fb-4504-4d18-a6cc-6cbba01672d1"}}}}}},"0e991238-4fb4-4925-8e5a-b1da43a0052f":{"name":"HUD","tags":[],"enabled":true,"resource_id":"0e991238-4fb4-4925-8e5a-b1da43a0052f","parent":"96e30c0b-2513-4193-9087-6a368ff85fd9","children":["010a8ac9-b204-495c-a372-307ceefb78a5"],"position":[0,0,0],"rotation":[0,0,0],"scale":[1,1,1],"components":{"screen":{"enabled":true,"screenSpace":true,"scaleMode":"blend","scaleBlend":0.5,"resolution":[1280,720],"referenceResolution":[1280,720],"priority":0},"script":{"enabled":true,"order":["videoTexture"],"scripts":{"videoTexture":{"enabled":true,"attributes":{"videoAsset":195507525,"videoUrl":"","screenMaterial":194992846,"loading":"e8a724d6-5a11-4429-ad13-9ffbea142446","Camera":"227dde7a-d8d2-4f7d-af65-15096197f874","Pin":"111429f7-8d07-46d8-849e-0564c0878e65","btnCart":"c0d241fd-8add-4f12-a812-5804768ef501","btnCam":"b08cd724-af7b-47b5-83fa-15678175305d","timer":44000,"screen":"010a8ac9-b204-495c-a372-307ceefb78a5"}}}}}},"e8a724d6-5a11-4429-ad13-9ffbea142446":{"name":"loading","tags":[],"enabled":false,"resource_id":"e8a724d6-5a11-4429-ad13-9ffbea142446","parent":"3c068591-4421-4571-86d2-30292273965d","children":["7baabda0-1e59-4ffb-8c46-e08c845ec255"],"position":[0,0,0],"rotation":[0,0,0],"scale":[1,1,1],"components":{"element":{"enabled":true,"type":"image","anchor":[0.5,0.5,0.5,0.5],"pivot":[0.5,0.5],"text":"","key":null,"fontAsset":193508129,"fontSize":32,"minFontSize":8,"maxFontSize":32,"autoFitWidth":false,"autoFitHeight":false,"maxLines":null,"lineHeight":32,"wrapLines":true,"spacing":1,"color":[1,1,1],"opacity":1,"textureAsset":194299159,"spriteAsset":null,"spriteFrame":0,"pixelsPerUnit":null,"width":300,"height":280,"margin":[-150,-140,-150,-140],"alignment":[0.5,0.5],"outlineColor":[0,0,0,1],"outlineThickness":0,"shadowColor":[0,0,0,1],"shadowOffset":[0,0],"rect":[0,0,1,1],"materialAsset":null,"autoWidth":false,"autoHeight":false,"fitMode":"stretch","useInput":false,"batchGroupId":null,"mask":false,"layers":[4],"enableMarkup":false},"script":{"enabled":false,"order":["loading"],"scripts":{"loading":{"enabled":false,"attributes":{"blur":"de667aa0-3931-446a-b5cc-d3337eef4534"}}}}}},"7baabda0-1e59-4ffb-8c46-e08c845ec255":{"name":"spinner","tags":[],"enabled":true,"resource_id":"7baabda0-1e59-4ffb-8c46-e08c845ec255","parent":"e8a724d6-5a11-4429-ad13-9ffbea142446","children":[],"position":[0,0,0],"rotation":[0,0,0],"scale":[1,1,1],"components":{"element":{"enabled":true,"type":"image","anchor":[0.5,0.5,0.5,0.5],"pivot":[0.5,0.5],"text":"Taj Mahal","key":null,"fontAsset":193508129,"fontSize":50,"minFontSize":8,"maxFontSize":32,"autoFitWidth":false,"autoFitHeight":false,"maxLines":null,"lineHeight":46.39,"wrapLines":true,"spacing":1,"color":[1,1,1],"opacity":1,"textureAsset":193996523,"spriteAsset":null,"spriteFrame":0,"pixelsPerUnit":null,"width":75,"height":75,"margin":[-37.5,-37.5,-37.5,-37.5],"alignment":[0.5,0.5],"outlineColor":[0,0,0,1],"outlineThickness":0,"shadowColor":[0,0,0,1],"shadowOffset":[0,0],"rect":[0,0,1,1],"materialAsset":null,"autoWidth":true,"autoHeight":true,"fitMode":"contain","useInput":false,"batchGroupId":null,"mask":false,"layers":[4],"enableMarkup":false},"script":{"enabled":true,"order":["spinner"],"scripts":{"spinner":{"enabled":true,"attributes":{"timer":0,"speed":0.15}}}}}},"010a8ac9-b204-495c-a372-307ceefb78a5":{"name":"video3","tags":[],"enabled":false,"resource_id":"010a8ac9-b204-495c-a372-307ceefb78a5","parent":"0e991238-4fb4-4925-8e5a-b1da43a0052f","children":[],"position":[0,0,0],"rotation":[0,0,0],"scale":[1,1,1],"components":{"element":{"enabled":true,"type":"image","anchor":[0.5,0.5,0.5,0.5],"pivot":[0.5,0.5],"text":"","key":null,"fontAsset":193508129,"fontSize":32,"minFontSize":8,"maxFontSize":32,"autoFitWidth":false,"autoFitHeight":false,"maxLines":null,"lineHeight":32,"wrapLines":true,"spacing":1,"color":[1,1,1],"opacity":1,"textureAsset":null,"spriteAsset":null,"spriteFrame":0,"pixelsPerUnit":null,"width":352,"height":360,"margin":[-176,-180,-176,-180],"alignment":[0.5,0.5],"outlineColor":[0,0,0,1],"outlineThickness":0,"shadowColor":[0,0,0,1],"shadowOffset":[0,0],"rect":[0,0,1,1],"materialAsset":194992846,"autoWidth":false,"autoHeight":false,"fitMode":"stretch","useInput":false,"batchGroupId":null,"mask":false,"layers":[0,4],"enableMarkup":false}}},"95c4038d-b222-4e3a-8543-3786016ce35b":{"name":"HUD","tags":[],"enabled":true,"resource_id":"95c4038d-b222-4e3a-8543-3786016ce35b","parent":"341d3361-ddd7-48a4-b0bc-f3e351a8c428","children":["94903ea3-e16f-482c-b5e3-4c7883fcf464"],"position":[0,0,0],"rotation":[0,0,0],"scale":[1,1,1],"components":{"screen":{"enabled":true,"screenSpace":true,"scaleMode":"blend","scaleBlend":0.5,"resolution":[1280,720],"referenceResolution":[1280,720],"priority":0},"script":{"enabled":true,"order":["videoTexture"],"scripts":{"videoTexture":{"enabled":true,"attributes":{"videoAsset":195507523,"videoUrl":"","screenMaterial":194992847,"loading":"e8a724d6-5a11-4429-ad13-9ffbea142446","Camera":"227dde7a-d8d2-4f7d-af65-15096197f874","Pin":"19985c65-d9cb-4b63-9a50-c36e490e6e17","btnCart":"c0d241fd-8add-4f12-a812-5804768ef501","btnCam":"b08cd724-af7b-47b5-83fa-15678175305d","timer":44000,"screen":"94903ea3-e16f-482c-b5e3-4c7883fcf464"}}}}}},"94903ea3-e16f-482c-b5e3-4c7883fcf464":{"name":"video4","tags":[],"enabled":false,"resource_id":"94903ea3-e16f-482c-b5e3-4c7883fcf464","parent":"95c4038d-b222-4e3a-8543-3786016ce35b","children":[],"position":[0,0,0],"rotation":[0,0,0],"scale":[1,1,1],"components":{"element":{"enabled":true,"type":"image","anchor":[0.5,0.5,0.5,0.5],"pivot":[0.5,0.5],"text":"","key":null,"fontAsset":193508129,"fontSize":32,"minFontSize":8,"maxFontSize":32,"autoFitWidth":false,"autoFitHeight":false,"maxLines":null,"lineHeight":32,"wrapLines":true,"spacing":1,"color":[1,1,1],"opacity":1,"textureAsset":null,"spriteAsset":null,"spriteFrame":0,"pixelsPerUnit":null,"width":352,"height":360,"margin":[-176,-180,-176,-180],"alignment":[0.5,0.5],"outlineColor":[0,0,0,1],"outlineThickness":0,"shadowColor":[0,0,0,1],"shadowOffset":[0,0],"rect":[0,0,1,1],"materialAsset":194992847,"autoWidth":false,"autoHeight":false,"fitMode":"stretch","useInput":false,"batchGroupId":null,"mask":false,"layers":[0,4],"enableMarkup":false}}},"a6cef831-4a9b-4a60-9cd3-8af55c3b1d46":{"name":"HUD","tags":[],"enabled":true,"resource_id":"a6cef831-4a9b-4a60-9cd3-8af55c3b1d46","parent":"bb610216-df95-4236-a032-52d5dcacdd3c","children":["7fd01a0e-ad19-49b0-912f-0cb568ed5636"],"position":[0,0,0],"rotation":[0,0,0],"scale":[1,1,1],"components":{"screen":{"enabled":true,"screenSpace":true,"scaleMode":"blend","scaleBlend":0.5,"resolution":[1280,720],"referenceResolution":[1280,720],"priority":0},"script":{"enabled":true,"order":["videoTexture"],"scripts":{"videoTexture":{"enabled":true,"attributes":{"videoAsset":195507524,"videoUrl":"","screenMaterial":194992848,"loading":"e8a724d6-5a11-4429-ad13-9ffbea142446","Camera":"227dde7a-d8d2-4f7d-af65-15096197f874","Pin":"899b3bc0-b52e-4bb2-8ab0-850eed0fef96","btnCart":"c0d241fd-8add-4f12-a812-5804768ef501","btnCam":"b08cd724-af7b-47b5-83fa-15678175305d","timer":14000,"screen":"7fd01a0e-ad19-49b0-912f-0cb568ed5636"}}}}}},"7fd01a0e-ad19-49b0-912f-0cb568ed5636":{"name":"video5","tags":[],"enabled":false,"resource_id":"7fd01a0e-ad19-49b0-912f-0cb568ed5636","parent":"a6cef831-4a9b-4a60-9cd3-8af55c3b1d46","children":[],"position":[0,0,0],"rotation":[0,0,0],"scale":[1,1,1],"components":{"element":{"enabled":true,"type":"image","anchor":[0.5,0.5,0.5,0.5],"pivot":[0.5,0.5],"text":"","key":null,"fontAsset":193508129,"fontSize":32,"minFontSize":8,"maxFontSize":32,"autoFitWidth":false,"autoFitHeight":false,"maxLines":null,"lineHeight":32,"wrapLines":true,"spacing":1,"color":[1,1,1],"opacity":1,"textureAsset":null,"spriteAsset":null,"spriteFrame":0,"pixelsPerUnit":null,"width":352,"height":360,"margin":[-176,-180,-176,-180],"alignment":[0.5,0.5],"outlineColor":[0,0,0,1],"outlineThickness":0,"shadowColor":[0,0,0,1],"shadowOffset":[0,0],"rect":[0,0,1,1],"materialAsset":194992848,"autoWidth":false,"autoHeight":false,"fitMode":"stretch","useInput":false,"batchGroupId":null,"mask":false,"layers":[0,4],"enableMarkup":false}}},"15b6c491-67dc-4ab7-a606-8aabf657d3ad":{"name":"HUD","tags":[],"enabled":true,"resource_id":"15b6c491-67dc-4ab7-a606-8aabf657d3ad","parent":"b0890726-1160-411d-ba51-7112138c8b45","children":["db54f650-7aa3-43a0-9ed3-e5e2aa0e790b"],"position":[0,0,0],"rotation":[0,0,0],"scale":[1,1,1],"components":{"screen":{"enabled":true,"screenSpace":true,"scaleMode":"blend","scaleBlend":0.5,"resolution":[1280,720],"referenceResolution":[1280,720],"priority":0},"script":{"enabled":true,"order":["videoTexture"],"scripts":{"videoTexture":{"enabled":true,"attributes":{"videoAsset":195507520,"videoUrl":"","screenMaterial":194992849,"loading":"e8a724d6-5a11-4429-ad13-9ffbea142446","Camera":"227dde7a-d8d2-4f7d-af65-15096197f874","Pin":"877c4db6-f766-47ed-bf06-e3e449f1b9d5","btnCart":"c0d241fd-8add-4f12-a812-5804768ef501","btnCam":"b08cd724-af7b-47b5-83fa-15678175305d","timer":17000,"screen":"db54f650-7aa3-43a0-9ed3-e5e2aa0e790b"}}}}}},"db54f650-7aa3-43a0-9ed3-e5e2aa0e790b":{"name":"video6","tags":[],"enabled":false,"resource_id":"db54f650-7aa3-43a0-9ed3-e5e2aa0e790b","parent":"15b6c491-67dc-4ab7-a606-8aabf657d3ad","children":[],"position":[0,0,0],"rotation":[0,0,0],"scale":[1,1,1],"components":{"element":{"enabled":true,"type":"image","anchor":[0.5,0.5,0.5,0.5],"pivot":[0.5,0.5],"text":"","key":null,"fontAsset":193508129,"fontSize":32,"minFontSize":8,"maxFontSize":32,"autoFitWidth":false,"autoFitHeight":false,"maxLines":null,"lineHeight":32,"wrapLines":true,"spacing":1,"color":[1,1,1],"opacity":1,"textureAsset":null,"spriteAsset":null,"spriteFrame":0,"pixelsPerUnit":null,"width":352,"height":360,"margin":[-176,-180,-176,-180],"alignment":[0.5,0.5],"outlineColor":[0,0,0,1],"outlineThickness":0,"shadowColor":[0,0,0,1],"shadowOffset":[0,0],"rect":[0,0,1,1],"materialAsset":194992849,"autoWidth":false,"autoHeight":false,"fitMode":"stretch","useInput":false,"batchGroupId":null,"mask":false,"layers":[0,4],"enableMarkup":false}}},"81f6748f-78d6-439d-b6c9-ed40277e087d":{"name":"Spot1","tags":[],"enabled":true,"resource_id":"81f6748f-78d6-439d-b6c9-ed40277e087d","parent":"9939797c-baa5-4662-9428-b1aa2cdaadbb","children":["411c307d-5a9a-4ea0-be6e-aba54a38304d","835296c5-d976-4d8a-b56e-700132f03cf6","e810c518-0c2a-40cf-9f3f-59e793faa63d"],"position":[0,0,0],"rotation":[0,0,0],"scale":[1,1,1],"components":{}},"411c307d-5a9a-4ea0-be6e-aba54a38304d":{"name":"Glob","tags":[],"enabled":true,"resource_id":"411c307d-5a9a-4ea0-be6e-aba54a38304d","parent":"81f6748f-78d6-439d-b6c9-ed40277e087d","children":[],"position":[0,0,0],"rotation":[0,0,0],"scale":[-1,1,1],"components":{"render":{"enabled":true,"type":"asset","asset":193508111,"materialAssets":[193508116],"layers":[0],"batchGroupId":null,"castShadows":false,"castShadowsLightmap":false,"receiveShadows":false,"lightmapped":false,"lightmapSizeMultiplier":1,"castShadowsLightMap":true,"lightMapped":false,"lightMapSizeMultiplier":1,"isStatic":false,"rootBone":null}}},"835296c5-d976-4d8a-b56e-700132f03cf6":{"name":"Pin1","tags":[],"enabled":false,"resource_id":"835296c5-d976-4d8a-b56e-700132f03cf6","parent":"81f6748f-78d6-439d-b6c9-ed40277e087d","children":["ef144066-e68f-48a9-9681-8f37752af649"],"position":[-1.2644663283235742,-0.2163708657026291,-2.206808174731244],"rotation":[-5,30,-7.016709197153349e-15],"scale":[0.08,0.08,0.08],"components":{"element":{"enabled":true,"type":"text","anchor":[0.5,0.5,0.5,0.5],"pivot":[0.5,0.5],"text":"Stand Here","key":null,"fontAsset":193508129,"fontSize":0.6,"minFontSize":8,"maxFontSize":32,"autoFitWidth":false,"autoFitHeight":false,"maxLines":null,"lineHeight":32,"wrapLines":true,"spacing":1,"color":[1,1,1],"opacity":1,"textureAsset":null,"spriteAsset":null,"spriteFrame":0,"pixelsPerUnit":null,"width":3.3237304687499996,"height":0.60380859375,"margin":[-2.926,-0.518,-0.397,-0.086],"alignment":[0.5,0.5],"outlineColor":[0,0,0,1],"outlineThickness":0.5,"shadowColor":[0,0,0,1],"shadowOffset":[0,-0.2],"rect":[0,0,1,1],"materialAsset":null,"autoWidth":true,"autoHeight":true,"fitMode":"stretch","useInput":false,"batchGroupId":null,"mask":false,"layers":[4],"enableMarkup":false}}},"ef144066-e68f-48a9-9681-8f37752af649":{"name":"Pin","tags":[],"enabled":true,"resource_id":"ef144066-e68f-48a9-9681-8f37752af649","parent":"835296c5-d976-4d8a-b56e-700132f03cf6","children":[],"position":[0.004865325387706676,0.8865120287119788,-0.0012800269151251875],"rotation":[-9.097572705955565e-24,0,0],"scale":[0.65,1,1],"components":{"element":{"enabled":true,"type":"image","anchor":[0.5,0.5,0.5,0.5],"pivot":[0.5,0.5],"text":"","key":null,"fontAsset":null,"fontSize":32,"minFontSize":8,"maxFontSize":32,"autoFitWidth":false,"autoFitHeight":false,"maxLines":null,"lineHeight":32,"wrapLines":true,"spacing":1,"color":[1,1,1],"opacity":1,"textureAsset":193508093,"spriteAsset":null,"spriteFrame":0,"pixelsPerUnit":null,"width":1,"height":1,"margin":[-0.4951346746122933,0.38651202871197876,-0.5048653253877067,-1.3865120287119788],"alignment":[0.5,0.5],"outlineColor":[0,0,0,1],"outlineThickness":0,"shadowColor":[0,0,0,1],"shadowOffset":[0,0],"rect":[0,0,1,1],"materialAsset":null,"autoWidth":false,"autoHeight":false,"fitMode":"stretch","useInput":true,"batchGroupId":null,"mask":false,"layers":[4],"enableMarkup":false},"button":{"enabled":true,"active":true,"imageEntity":"ef144066-e68f-48a9-9681-8f37752af649","hitPadding":[0,0,0,0],"transitionMode":0,"hoverTint":[0.13725490196078433,0.8470588235294118,0.7568627450980392,1],"pressedTint":[0.792156862745098,0.10588235294117647,0.10588235294117647,1],"inactiveTint":[1,1,1,1],"fadeDuration":0,"hoverSpriteAsset":null,"hoverSpriteFrame":0,"pressedSpriteAsset":null,"pressedSpriteFrame":0,"inactiveSpriteAsset":null,"inactiveSpriteFrame":0,"hoverTextureAsset":null,"pressedTextureAsset":null,"inactiveTextureAsset":null},"script":{"enabled":true,"order":["nextSpot"],"scripts":{"nextSpot":{"enabled":true,"attributes":{"SHOW":"a139b240-e9ff-4230-badc-ccab36a148ef","HIDE":"81f6748f-78d6-439d-b6c9-ed40277e087d","tx":10,"ty":90}}}}}},"e810c518-0c2a-40cf-9f3f-59e793faa63d":{"name":"HUD1","tags":[],"enabled":false,"resource_id":"e810c518-0c2a-40cf-9f3f-59e793faa63d","parent":"81f6748f-78d6-439d-b6c9-ed40277e087d","children":["ce37da25-f188-4df1-8068-edf983bdbf9c"],"position":[0,0,0],"rotation":[0,0,0],"scale":[1,1,1],"components":{"screen":{"enabled":true,"screenSpace":true,"scaleMode":"blend","scaleBlend":0.5,"resolution":[1280,720],"referenceResolution":[1280,720],"priority":0},"script":{"enabled":true,"order":["videoTexture"],"scripts":{"videoTexture":{"enabled":true,"attributes":{"videoAsset":195507526,"videoUrl":"","screenMaterial":193675132,"loading":"e8a724d6-5a11-4429-ad13-9ffbea142446","Camera":"227dde7a-d8d2-4f7d-af65-15096197f874","Pin":"835296c5-d976-4d8a-b56e-700132f03cf6","btnCart":"c0d241fd-8add-4f12-a812-5804768ef501","btnCam":"b08cd724-af7b-47b5-83fa-15678175305d","timer":92000,"screen":"ce37da25-f188-4df1-8068-edf983bdbf9c"}}}}}},"ce37da25-f188-4df1-8068-edf983bdbf9c":{"name":"video1","tags":[],"enabled":false,"resource_id":"ce37da25-f188-4df1-8068-edf983bdbf9c","parent":"e810c518-0c2a-40cf-9f3f-59e793faa63d","children":[],"position":[0,0,0],"rotation":[0,0,0],"scale":[1,1,1],"components":{"element":{"enabled":true,"type":"image","anchor":[0.5,0.5,0.5,0.5],"pivot":[0.5,0.5],"text":"","key":null,"fontAsset":193508129,"fontSize":32,"minFontSize":8,"maxFontSize":32,"autoFitWidth":false,"autoFitHeight":false,"maxLines":null,"lineHeight":32,"wrapLines":true,"spacing":1,"color":[1,1,1],"opacity":1,"textureAsset":null,"spriteAsset":null,"spriteFrame":0,"pixelsPerUnit":null,"width":352,"height":360,"margin":[-176,-180,-176,-180],"alignment":[0.5,0.5],"outlineColor":[0,0,0,1],"outlineThickness":0,"shadowColor":[0,0,0,1],"shadowOffset":[0,0],"rect":[0,0,1,1],"materialAsset":193675132,"autoWidth":false,"autoHeight":false,"fitMode":"stretch","useInput":false,"batchGroupId":null,"mask":false,"layers":[0,4],"enableMarkup":false}}},"ce36b5fe-b44e-4e3c-8290-954c3121c2bd":{"name":"HUD","tags":[],"enabled":true,"resource_id":"ce36b5fe-b44e-4e3c-8290-954c3121c2bd","parent":"d9cc37b1-d371-421b-9db8-d25e35304edb","children":["6f62d010-3be0-4a8b-ae2d-838ee7a6c05c"],"position":[0,0,0],"rotation":[0,0,0],"scale":[1,1,1],"components":{"screen":{"enabled":true,"screenSpace":true,"scaleMode":"blend","scaleBlend":0.5,"resolution":[1280,720],"referenceResolution":[1280,720],"priority":0},"script":{"enabled":true,"order":["videoTexture"],"scripts":{"videoTexture":{"enabled":true,"attributes":{"videoAsset":195507521,"videoUrl":"","screenMaterial":194992852,"loading":"e8a724d6-5a11-4429-ad13-9ffbea142446","Camera":"227dde7a-d8d2-4f7d-af65-15096197f874","Pin":"33e64077-be4a-4ccf-b762-32f66e154cdb","btnCart":"c0d241fd-8add-4f12-a812-5804768ef501","btnCam":"b08cd724-af7b-47b5-83fa-15678175305d","timer":15000,"screen":"6f62d010-3be0-4a8b-ae2d-838ee7a6c05c"}}}}}},"6f62d010-3be0-4a8b-ae2d-838ee7a6c05c":{"name":"video7","tags":[],"enabled":false,"resource_id":"6f62d010-3be0-4a8b-ae2d-838ee7a6c05c","parent":"ce36b5fe-b44e-4e3c-8290-954c3121c2bd","children":[],"position":[0,0,0],"rotation":[0,0,0],"scale":[1,1,1],"components":{"element":{"enabled":true,"type":"image","anchor":[0.5,0.5,0.5,0.5],"pivot":[0.5,0.5],"text":"","key":null,"fontAsset":193508129,"fontSize":32,"minFontSize":8,"maxFontSize":32,"autoFitWidth":false,"autoFitHeight":false,"maxLines":null,"lineHeight":32,"wrapLines":true,"spacing":1,"color":[1,1,1],"opacity":1,"textureAsset":null,"spriteAsset":null,"spriteFrame":0,"pixelsPerUnit":null,"width":352,"height":360,"margin":[-176,-180,-176,-180],"alignment":[0.5,0.5],"outlineColor":[0,0,0,1],"outlineThickness":0,"shadowColor":[0,0,0,1],"shadowOffset":[0,0],"rect":[0,0,1,1],"materialAsset":194992852,"autoWidth":false,"autoHeight":false,"fitMode":"stretch","useInput":false,"batchGroupId":null,"mask":false,"layers":[0,4],"enableMarkup":false}}}},"created":"2022-06-21T08:17:59.175Z","checkpoint_id":"f452d2c5-dede-40e5-83ea-738f97dd0db7","_type":"http://sharejs.org/types/JSONv0","_v":1,"_m":{"ctime":1655799479175,"mtime":1725979138743},"_o":"66e05a02f5439ba24a699df3","id":"2058622"}}